Date/Time (UTC),RAAN,Inclination,Arg of Perigee,SMA,Eccentricity
9/25/2021 19:51,36.2046,90.4171,60.6066,11858.601,0.62144
9/25/2021 19:51,36.2046,90.4171,60.6066,11858.601,0.62144
9/28/2021 9:08,36.2138,90.4161,59.7523,11858.606,0.621518
9/28/2021 9:08,36.2138,90.4161,59.7523,11858.606,0.621518
9/30/2021 8:47,36.2207,90.4152,59.0881,11858.607,0.6215788
10/1/2021 18:50,36.2257,90.4145,58.6137,11858.607,0.6216253
10/1/2021 18:50,36.2257,90.4145,58.6137,11858.607,0.6216253
10/2/2021 15:15,36.2288,90.414,58.3289,11858.608,0.6216534
10/3/2021 18:29,36.2327,90.4133,57.9496,11858.609,0.6216928
10/4/2021 8:06,36.2346,90.4129,57.7598,11858.609,0.6217116
10/4/2021 14:55,36.2356,90.4128,57.6649,11858.609,0.6217211
10/6/2021 7:46,36.2412,90.4115,57.0956,11858.61,0.6217797
10/6/2021 14:35,36.2421,90.4113,57.0006,11858.61,0.6217899
10/6/2021 14:35,36.2421,90.4113,57.0006,11858.61,0.6217899
10/6/2021 21:23,36.2431,90.411,56.9059,11858.61,0.6217997
10/7/2021 11:00,36.2449,90.4106,56.7161,11858.61,0.6218197
10/8/2021 14:14,36.2487,90.4098,56.3362,11858.611,0.6218585
10/10/2021 7:05,36.2545,90.4085,55.7665,11858.612,0.621918
10/10/2021 13:54,36.2555,90.4083,55.6717,11858.612,0.6219289
10/11/2021 3:31,36.2574,90.4078,55.4818,11858.612,0.6219498
10/12/2021 13:33,36.2625,90.4067,55.0069,11858.612,0.6219995
10/12/2021 13:33,36.2625,90.4067,55.0069,11858.612,0.6219995
10/14/2021 13:13,36.2694,90.4052,54.3419,11858.61,0.6220679
10/15/2021 9:39,36.2724,90.4044,54.057,11858.608,0.6220956
10/15/2021 9:39,36.2724,90.4044,54.057,11858.608,0.6220956
10/16/2021 12:53,36.2764,90.4036,53.6769,11858.607,0.6221316
10/16/2021 19:41,36.2775,90.4034,53.582,11858.606,0.622141
10/18/2021 5:44,36.2827,90.4023,53.1068,11858.604,0.6221826
10/18/2021 12:32,36.2837,90.4021,53.0117,11858.603,0.6221909
10/18/2021 19:21,36.2848,90.4019,52.9166,11858.603,0.6221993
10/20/2021 5:23,36.2901,90.401,52.4411,11858.602,0.6222389
10/20/2021 19:00,36.2923,90.4006,52.2509,11858.602,0.6222548
10/20/2021 19:00,36.2923,90.4006,52.2509,11858.602,0.6222548
10/22/2021 5:03,36.2977,90.3995,51.7753,11858.604,0.622293
10/24/2021 4:43,36.3053,90.3981,51.1091,11858.61,0.6223444
10/24/2021 4:43,36.3053,90.3981,51.1091,11858.61,0.6223444
10/24/2021 11:31,36.3065,90.3978,51.0137,11858.61,0.6223511
10/26/2021 4:22,36.3129,90.3966,50.4426,11858.616,0.6223969
10/27/2021 7:36,36.3173,90.3958,50.0618,11858.62,0.6224279
10/27/2021 7:36,36.3173,90.3958,50.0618,11858.62,0.6224279
10/29/2021 7:16,36.325,90.3945,49.3955,11858.625,0.622488
10/31/2021 6:56,36.3326,90.3929,48.7293,11858.629,0.6225492
10/31/2021 6:56,36.3326,90.3929,48.7293,11858.629,0.6225492
11/2/2021 6:35,36.3399,90.3911,48.0632,11858.627,0.6226108
11/4/2021 13:03,36.3483,90.389,47.3011,11858.609,0.6226807
11/4/2021 13:03,36.3483,90.389,47.3011,11858.609,0.6226807
11/6/2021 12:43,36.3556,90.3871,46.6344,11858.619,0.6227469
11/6/2021 19:32,36.3567,90.3867,46.5391,11858.618,0.6227572
11/8/2021 12:23,36.363,90.3853,45.9679,11858.617,0.6228149
11/10/2021 12:02,36.3705,90.3836,45.301,11858.616,0.6228808
11/12/2021 11:42,36.3781,90.3819,44.6338,11858.613,0.6229413
11/12/2021 11:42,36.3782,90.3818,44.6336,11858.612,0.6229412
11/14/2021 11:21,36.3859,90.3803,43.9661,11858.61,0.6229962
11/14/2021 11:21,36.3859,90.3803,43.9661,11858.61,0.6229962
11/16/2021 11:01,36.3939,90.379,43.2981,11858.604,0.6230483
11/18/2021 3:52,36.4008,90.3779,42.7252,11858.598,0.6230922
11/18/2021 10:41,36.402,90.3777,42.6298,11858.597,0.6230999
11/20/2021 10:20,36.4098,90.3763,41.9605,11858.592,0.6231472
11/20/2021 10:20,36.4098,90.3763,41.9605,11858.592,0.6231472
11/25/2021 12:54,36.4301,90.3732,40.2404,11858.6,0.6232787
11/26/2021 2:31,36.4323,90.3729,40.05,11858.603,0.623297
11/26/2021 16:08,36.4346,90.3725,39.8588,11858.605,0.6233137
11/27/2021 12:33,36.4378,90.372,39.5728,11858.609,0.6233375
11/28/2021 15:47,36.4421,90.3712,39.1911,11858.612,0.6233702
11/28/2021 15:47,36.4421,90.3711,39.1909,11858.613,0.6233711
11/30/2021 8:38,36.4484,90.3698,38.6184,11858.615,0.6234206
11/30/2021 22:15,36.4503,90.3694,38.4279,11858.616,0.6234363
11/30/2021 22:15,36.4504,90.3693,38.4275,11858.614,0.623437
12/3/2021 4:43,36.4586,90.3678,37.6644,11858.611,0.6235044
12/3/2021 4:43,36.4586,90.3678,37.6644,11858.611,0.6235044
12/3/2021 18:20,36.4607,90.3675,37.4737,11858.609,0.6235224
12/4/2021 21:35,36.465,90.3669,37.092,11858.606,0.6235582
12/5/2021 4:23,36.466,90.3667,36.9965,11858.605,0.6235672
12/7/2021 4:03,36.4734,90.3657,36.3285,11858.598,0.6236301
12/7/2021 10:51,36.4745,90.3655,36.2331,11858.597,0.6236388
12/9/2021 10:31,36.4817,90.3643,35.5649,11858.591,0.6236971
12/9/2021 10:31,36.4817,90.3643,35.5649,11858.591,0.6236971
12/11/2021 10:10,36.489,90.3632,34.8964,11858.588,0.6237498
12/13/2021 3:01,36.4953,90.3625,34.3229,11858.587,0.623792
12/13/2021 9:50,36.4963,90.3624,34.2273,11858.586,0.6237989
12/15/2021 9:29,36.5038,90.3619,33.558,11858.583,0.6238466
12/15/2021 9:29,36.5038,90.3619,33.558,11858.583,0.6238466
12/17/2021 9:09,36.5112,90.3612,32.8888,11858.577,0.6238935
12/19/2021 2:00,36.5174,90.3606,32.3154,11858.571,0.623933
12/19/2021 8:49,36.5185,90.3606,32.2199,11858.569,0.6239396
12/21/2021 8:28,36.5256,90.3602,31.5507,11858.559,0.6239859
12/21/2021 8:28,36.5256,90.3602,31.5507,11858.559,0.6239859
12/23/2021 1:19,36.5317,90.3603,30.9773,11858.552,0.6240269
12/24/2021 11:22,36.5366,90.3603,30.4984,11858.549,0.6240613
12/25/2021 0:59,36.5386,90.3602,30.3077,11858.549,0.6240738
12/26/2021 11:01,36.5435,90.3598,29.8309,11858.548,0.6241082
12/27/2021 0:38,36.5453,90.3596,29.6402,11858.549,0.6241217
12/28/2021 3:52,36.5492,90.3594,29.2586,11858.547,0.624149
12/28/2021 3:52,36.5492,90.3594,29.2586,11858.547,0.624149
12/29/2021 0:18,36.552,90.3592,28.9725,11858.547,0.6241694
12/30/2021 10:21,36.5565,90.3588,28.4958,11858.546,0.624203
12/30/2021 10:21,36.5565,90.3588,28.4958,11858.546,0.624203
12/30/2021 23:58,36.5584,90.3587,28.305,11858.546,0.6242176
1/1/2022 23:37,36.5648,90.3585,27.6377,11858.54,0.6242675
1/1/2022 23:37,36.5648,90.3585,27.6377,11858.54,0.6242675
1/4/2022 12:54,36.5729,90.3581,26.7804,11858.526,0.6243291
1/4/2022 12:54,36.5729,90.3581,26.7804,11858.526,0.6243291
1/5/2022 2:31,36.5748,90.3581,26.5897,11858.521,0.6243414
1/6/2022 12:33,36.5791,90.3579,26.1131,11858.51,0.6243714
1/7/2022 2:10,36.581,90.3578,25.9222,11858.506,0.6243818
1/7/2022 2:10,36.581,90.3578,25.9222,11858.506,0.6243818
1/8/2022 12:13,36.5853,90.3577,25.4451,11858.497,0.6244084
1/9/2022 1:50,36.5872,90.3577,25.2541,11858.494,0.6244177
1/11/2022 1:29,36.5936,90.3579,24.5857,11858.49,0.6244517
1/11/2022 8:18,36.5946,90.358,24.4901,11858.49,0.6244567
1/12/2022 11:32,36.5984,90.3582,24.1082,11858.489,0.6244757
1/13/2022 7:57,36.6012,90.3585,23.8215,11858.489,0.6244903
1/15/2022 7:37,36.6075,90.3587,23.153,11858.488,0.6245215
1/15/2022 14:25,36.6084,90.3587,23.0575,11858.487,0.624526
1/15/2022 14:25,36.6084,90.3587,23.0575,11858.487,0.624526
1/17/2022 7:17,36.6138,90.3591,22.4847,11858.483,0.6245515
1/17/2022 14:05,36.6146,90.3592,22.3893,11858.483,0.624556
1/19/2022 0:08,36.6191,90.3596,21.9123,11858.477,0.6245764
1/19/2022 6:56,36.62,90.3595,21.8169,11858.475,0.6245801
1/19/2022 13:45,36.6208,90.3596,21.7216,11858.473,0.6245842
1/20/2022 3:22,36.6226,90.3598,21.531,11858.472,0.6245925
1/21/2022 6:36,36.6261,90.3601,21.1497,11858.466,0.6246068
1/21/2022 6:36,36.6261,90.3601,21.1497,11858.466,0.6246068
1/21/2022 13:24,36.6269,90.3602,21.0546,11858.465,0.6246107
1/22/2022 23:27,36.6313,90.3604,20.5782,11858.457,0.6246277
1/23/2022 13:04,36.6328,90.3604,20.388,11858.454,0.6246332
1/23/2022 13:04,36.6328,90.3604,20.388,11858.454,0.6246332
1/24/2022 23:06,36.6371,90.3605,19.9119,11858.449,0.6246487
1/26/2022 22:46,36.643,90.3608,19.2454,11858.439,0.6246715
1/26/2022 22:46,36.643,90.3608,19.2454,11858.439,0.6246715
1/27/2022 12:23,36.6446,90.3609,19.0552,11858.437,0.6246775
1/28/2022 2:00,36.6464,90.361,18.8647,11858.435,0.6246835
1/28/2022 8:48,36.647,90.3611,18.7696,11858.434,0.6246868
1/29/2022 12:02,36.6504,90.3611,18.3891,11858.426,0.624698
1/29/2022 12:02,36.6504,90.3611,18.3891,11858.426,0.624698
1/30/2022 22:05,36.6547,90.3613,17.9132,11858.415,0.6247116
1/31/2022 11:42,36.6563,90.3615,17.7231,11858.405,0.6247173
2/1/2022 1:19,36.658,90.3615,17.5326,11858.401,0.6247214
2/1/2022 1:19,36.658,90.3615,17.5326,11858.401,0.6247214
2/1/2022 21:44,36.6605,90.3616,17.2471,11858.395,0.6247272
2/2/2022 11:21,36.6621,90.3617,17.0568,11858.387,0.6247311
2/4/2022 11:01,36.668,90.362,16.3899,11858.357,0.6247406
2/4/2022 11:01,36.668,90.362,16.3899,11858.357,0.6247406
2/5/2022 0:38,36.6699,90.3622,16.1991,11858.343,0.6247432
2/6/2022 10:40,36.6742,90.3626,15.7223,11858.323,0.6247494
2/6/2022 17:29,36.6751,90.3625,15.6269,11858.319,0.6247485
2/6/2022 17:29,36.6751,90.3625,15.6269,11858.319,0.6247485
2/7/2022 7:06,36.6768,90.3628,15.4361,11858.312,0.6247507
2/7/2022 13:54,36.6778,90.3629,15.3407,11858.308,0.6247517
2/8/2022 10:20,36.6805,90.3633,15.0545,11858.297,0.6247545
2/8/2022 23:57,36.6824,90.3634,14.8635,11858.293,0.6247555
2/8/2022 23:57,36.6824,90.3634,14.8635,11858.293,0.6247555
2/9/2022 13:34,36.6842,90.3636,14.6727,11858.284,0.6247574
2/10/2022 23:36,36.6888,90.364,14.1954,11858.272,0.6247598
2/12/2022 9:39,36.6933,90.3646,13.7183,11858.265,0.6247619
2/12/2022 9:39,36.6933,90.3646,13.7183,11858.265,0.6247619
2/12/2022 23:16,36.6951,90.3647,13.5274,11858.264,0.6247621
2/14/2022 9:18,36.6998,90.3654,13.0505,11858.261,0.6247627
2/14/2022 22:55,36.7016,90.3653,12.8597,11858.26,0.624761
2/15/2022 5:44,36.7026,90.3657,12.7644,11858.26,0.6247617
2/15/2022 12:32,36.7035,90.3659,12.6691,11858.26,0.6247611
2/16/2022 8:58,36.7062,90.3662,12.3833,11858.256,0.6247591
2/16/2022 22:35,36.7082,90.3664,12.1926,11858.252,0.624758
2/17/2022 5:23,36.7091,90.3665,12.0973,11858.252,0.6247573
2/17/2022 12:12,36.7099,90.3667,12.0022,11858.251,0.6247559
2/18/2022 8:37,36.7127,90.3669,11.7164,11858.247,0.624752
2/18/2022 22:14,36.7147,90.3669,11.5258,11858.244,0.6247496
2/19/2022 11:51,36.7164,90.3668,11.3354,11858.238,0.6247462
2/19/2022 11:51,36.7164,90.3668,11.3354,11858.238,0.6247462
2/19/2022 18:40,36.7173,90.3668,11.2402,11858.238,0.6247444
2/20/2022 21:54,36.7212,90.367,10.8593,11858.228,0.6247389
2/21/2022 11:31,36.723,90.3673,10.6689,11858.221,0.6247355
2/22/2022 7:56,36.7259,90.3675,10.3833,11858.211,0.6247306
2/22/2022 7:56,36.7259,90.3675,10.3833,11858.211,0.6247306
2/22/2022 21:33,36.7278,90.3676,10.1928,11858.207,0.6247278
2/23/2022 11:10,36.7297,90.3678,10.0025,11858.201,0.6247246
2/24/2022 21:13,36.7345,90.3682,9.5263,11858.186,0.6247162
2/24/2022 21:13,36.7345,90.3682,9.5263,11858.186,0.6247162
2/25/2022 17:38,36.7374,90.3685,9.2409,11858.176,0.6247106
2/26/2022 0:27,36.7383,90.3686,9.1457,11858.173,0.6247087
2/26/2022 20:52,36.7413,90.3688,8.86,11858.163,0.6247027
2/27/2022 3:41,36.7422,90.3689,8.7649,11858.157,0.6247003
2/27/2022 3:41,36.7422,90.3689,8.7649,11858.157,0.6247003
2/28/2022 6:55,36.7462,90.3693,8.384,11858.142,0.624691
2/28/2022 20:32,36.7482,90.3694,8.1935,11858.137,0.6246865
3/1/2022 10:08,36.7502,90.3696,8.003,11858.128,0.6246809
3/1/2022 10:08,36.7502,90.3696,8.003,11858.128,0.6246809
3/2/2022 20:11,36.7552,90.3699,7.5263,11858.112,0.6246669
3/2/2022 20:11,36.7551,90.3699,7.5263,11858.111,0.6246664
3/3/2022 23:25,36.7593,90.3703,7.1448,11858.094,0.6246554
3/3/2022 23:25,36.7592,90.3704,7.1448,11858.092,0.624655
3/4/2022 19:50,36.7624,90.3706,6.8584,11858.082,0.6246462
3/5/2022 2:39,36.7634,90.3707,6.763,11858.07,0.6246431
3/6/2022 5:53,36.7676,90.3712,6.3811,11858.047,0.6246309
3/6/2022 5:53,36.7676,90.3712,6.3811,11858.047,0.6246309
3/6/2022 12:41,36.7686,90.3713,6.2855,11858.045,0.624628
3/7/2022 9:07,36.7718,90.3715,5.9991,11858.028,0.6246186
3/8/2022 5:32,36.7751,90.3719,5.7125,11858.013,0.6246095
3/8/2022 12:21,36.7762,90.372,5.6169,11858.007,0.6246065
3/8/2022 12:21,36.7762,90.372,5.6169,11858.007,0.6246065
3/9/2022 8:46,36.7796,90.3723,5.3304,11857.99,0.6245974
3/9/2022 22:23,36.7818,90.3725,5.1392,11857.985,0.6245909
3/10/2022 5:12,36.7829,90.3727,5.0436,11857.977,0.6245877
3/11/2022 8:26,36.7874,90.3731,4.6615,11857.957,0.624574
3/11/2022 8:26,36.7874,90.3731,4.6615,11857.957,0.624574
3/11/2022 22:03,36.7896,90.3734,4.4704,11857.946,0.6245675
3/12/2022 11:40,36.7918,90.3737,4.2793,11857.937,0.6245603
3/12/2022 18:28,36.7929,90.3738,4.1838,11857.937,0.6245566
3/13/2022 8:05,36.7952,90.3741,3.9927,11857.926,0.6245491
3/13/2022 21:42,36.7975,90.3744,3.8018,11857.92,0.6245405
3/13/2022 21:42,36.7975,90.3744,3.8018,11857.92,0.6245405
3/14/2022 11:19,36.7997,90.3746,3.6107,11857.916,0.624532
3/15/2022 21:21,36.8054,90.3752,3.1334,11857.907,0.6245094
3/16/2022 4:10,36.8066,90.3753,3.0379,11857.906,0.6245042
3/16/2022 4:10,36.8066,90.3753,3.038,11857.906,0.6245048
3/16/2022 17:47,36.8089,90.3755,2.847,11857.904,0.6244941
3/17/2022 21:01,36.8135,90.3759,2.4654,11857.903,0.6244739
3/18/2022 3:49,36.8147,90.3759,2.3699,11857.9,0.6244671
3/19/2022 7:03,36.8194,90.3763,1.9883,11857.898,0.6244457
3/19/2022 7:03,36.8194,90.3763,1.9883,11857.898,0.6244457
3/19/2022 20:40,36.8218,90.3765,1.7974,11857.897,0.6244357
3/20/2022 10:17,36.8242,90.3766,1.6065,11857.894,0.6244242
3/21/2022 20:20,36.8301,90.3772,1.1297,11857.889,0.6243985
3/21/2022 20:20,36.8301,90.3772,1.1297,11857.889,0.6243985
3/22/2022 9:57,36.8326,90.3774,0.9389,11857.883,0.6243878
3/23/2022 6:22,36.8362,90.3779,0.6529,11857.875,0.624372
3/23/2022 19:59,36.8386,90.3781,0.4622,11857.87,0.6243623
3/24/2022 2:48,36.8398,90.3784,0.3668,11857.866,0.6243573
3/24/2022 9:36,36.8411,90.3786,0.2715,11857.863,0.6243518
3/25/2022 6:02,36.8448,90.3792,359.9854,11857.851,0.6243356
3/25/2022 12:50,36.846,90.3793,359.8901,11857.847,0.6243306
3/26/2022 9:15,36.8497,90.3796,359.604,11857.836,0.6243144
3/26/2022 9:15,36.8497,90.3796,359.604,11857.836,0.6243144
3/27/2022 5:41,36.8534,90.3799,359.3179,11857.824,0.6242976
3/27/2022 19:18,36.8558,90.3799,359.1272,11857.813,0.6242869
3/28/2022 8:55,36.8583,90.38,358.9364,11857.801,0.6242758
3/28/2022 15:43,36.8596,90.3801,358.8408,11857.796,0.6242701
3/28/2022 15:43,36.8596,90.3801,358.8408,11857.796,0.6242701
3/29/2022 18:57,36.8645,90.3806,358.4591,11857.771,0.6242485
3/30/2022 8:34,36.8671,90.3807,358.268,11857.756,0.6242376
3/30/2022 22:11,36.8697,90.381,358.077,11857.743,0.6242268
3/31/2022 5:00,36.8709,90.3812,357.9815,11857.736,0.6242214
3/31/2022 18:37,36.8734,90.3815,357.7906,11857.725,0.6242111
4/1/2022 8:14,36.8761,90.3818,357.5994,11857.716,0.6242007
4/2/2022 4:39,36.88,90.3822,357.3128,11857.697,0.6241852
4/2/2022 18:16,36.8825,90.3825,357.1219,11857.686,0.6241749
4/3/2022 14:41,36.8865,90.383,356.835,11857.668,0.6241595
4/4/2022 4:18,36.8891,90.3833,356.6437,11857.655,0.6241492
4/4/2022 17:55,36.8918,90.3836,356.4526,11857.643,0.6241391
4/4/2022 17:55,36.8918,90.3836,356.4526,11857.643,0.6241391
4/5/2022 21:09,36.8971,90.3843,356.0702,11857.617,0.6241184
4/7/2022 0:23,36.9024,90.3848,355.6878,11857.592,0.6240984
4/7/2022 14:00,36.905,90.3851,355.4968,11857.576,0.6240877
4/7/2022 20:49,36.9063,90.3853,355.4013,11857.571,0.624083
4/8/2022 10:26,36.909,90.3857,355.2099,11857.56,0.6240723
4/8/2022 17:14,36.9102,90.3859,355.1145,11857.552,0.6240668
4/9/2022 6:51,36.913,90.3862,354.9232,11857.54,0.6240559
4/10/2022 16:53,36.9195,90.3872,354.4456,11857.509,0.6240261
4/10/2022 16:53,36.9195,90.3872,354.4456,11857.509,0.6240261
4/11/2022 6:30,36.9223,90.3875,354.2543,11857.501,0.624013
4/11/2022 20:07,36.9249,90.3879,354.0633,11857.495,0.6239996
4/11/2022 20:07,36.9248,90.3879,354.0634,11857.493,0.6240002
4/12/2022 16:33,36.9289,90.3884,353.7769,11857.476,0.6239794
4/12/2022 23:21,36.9303,90.3885,353.6811,11857.474,0.623972
4/13/2022 6:10,36.9317,90.3887,353.5856,11857.471,0.6239648
4/13/2022 19:47,36.9343,90.3891,353.3948,11857.466,0.623951
4/14/2022 9:23,36.9371,90.3893,353.2035,11857.46,0.6239366
4/15/2022 5:49,36.9411,90.3898,352.917,11857.454,0.6239149
4/15/2022 5:49,36.9411,90.3898,352.917,11857.454,0.6239149
4/16/2022 9:03,36.9465,90.3903,352.5349,11857.448,0.6238874
4/17/2022 19:05,36.9532,90.3914,352.0578,11857.446,0.6238522
4/17/2022 19:05,36.9532,90.3914,352.0578,11857.446,0.6238522
4/18/2022 1:54,36.9546,90.3916,351.9623,11857.445,0.6238451
4/18/2022 15:31,36.9574,90.392,351.7714,11857.445,0.6238311
4/18/2022 22:19,36.9588,90.3922,351.6759,11857.444,0.6238242
4/20/2022 1:33,36.9643,90.393,351.2943,11857.443,0.6237968
4/20/2022 1:33,36.9643,90.393,351.2943,11857.443,0.6237968
4/21/2022 4:47,36.9698,90.3938,350.913,11857.439,0.6237691
4/22/2022 8:01,36.9753,90.3946,350.5316,11857.432,0.6237414
4/22/2022 8:01,36.9753,90.3946,350.5316,11857.432,0.6237414
4/22/2022 14:49,36.9767,90.3948,350.4362,11857.431,0.6237344
4/24/2022 21:17,36.9876,90.3962,349.6734,11857.412,0.6236801
4/24/2022 21:17,36.9876,90.3962,349.6734,11857.412,0.6236801
4/25/2022 17:42,36.9917,90.3968,349.3873,11857.404,0.6236605
4/26/2022 0:31,36.9933,90.3969,349.2917,11857.401,0.6236543
4/26/2022 20:56,36.9973,90.3976,349.0057,11857.385,0.6236349
4/28/2022 6:59,37.0044,90.3986,348.5285,11857.364,0.6236056
4/28/2022 6:59,37.0044,90.3986,348.5285,11857.364,0.6236056
4/29/2022 10:12,37.01,90.3995,348.1468,11857.352,0.6235821
4/29/2022 17:01,37.0112,90.3998,348.0516,11857.35,0.6235749
4/29/2022 23:49,37.0128,90.3999,347.956,11857.348,0.62357
4/30/2022 13:26,37.0156,90.4004,347.7652,11857.341,0.6235586
4/30/2022 13:26,37.0156,90.4004,347.7652,11857.341,0.6235586
5/1/2022 16:40,37.0211,90.4014,347.3838,11857.328,0.6235342
5/2/2022 6:17,37.0241,90.4018,347.1929,11857.323,0.6235234
5/2/2022 19:54,37.0267,90.4023,347.0022,11857.317,0.6235108
5/2/2022 19:54,37.0267,90.4023,347.0022,11857.317,0.6235108
5/3/2022 2:43,37.0283,90.4024,346.9066,11857.315,0.6235061
5/3/2022 16:20,37.0309,90.4029,346.716,11857.31,0.6234935
5/4/2022 5:56,37.0338,90.4033,346.525,11857.303,0.6234831
5/5/2022 9:10,37.0394,90.4043,346.1434,11857.286,0.6234592
5/5/2022 15:59,37.0406,90.4046,346.0483,11857.283,0.6234523
5/5/2022 15:59,37.0406,90.4046,346.0483,11857.283,0.6234523
5/7/2022 2:01,37.0476,90.4059,345.5713,11857.267,0.6234213
5/7/2022 15:38,37.0503,90.4067,345.3806,11857.262,0.6234091
5/8/2022 5:15,37.053,90.4072,345.19,11857.253,0.6233952
5/8/2022 5:15,37.053,90.4072,345.19,11857.253,0.6233952
5/8/2022 18:52,37.0557,90.4077,344.9994,11857.246,0.6233805
5/9/2022 15:17,37.0596,90.4085,344.7135,11857.235,0.6233581
5/10/2022 4:54,37.0624,90.409,344.5228,11857.228,0.6233427
5/11/2022 8:08,37.0678,90.4099,344.1415,11857.212,0.6233115
5/11/2022 8:08,37.0678,90.4099,344.1415,11857.212,0.6233115
5/11/2022 14:57,37.069,90.4102,344.0462,11857.207,0.6233035
5/12/2022 11:22,37.0731,90.411,343.7602,11857.195,0.6232796
5/13/2022 14:36,37.0784,90.4121,343.3789,11857.182,0.6232485
5/13/2022 14:36,37.0784,90.4121,343.3789,11857.182,0.6232485
5/14/2022 4:13,37.0811,90.4127,343.1884,11857.176,0.623233
5/14/2022 17:50,37.0836,90.4133,342.9979,11857.17,0.6232171
5/15/2022 7:27,37.0863,90.414,342.8072,11857.163,0.623202
5/16/2022 3:52,37.0902,90.4148,342.5215,11857.161,0.6231785
5/16/2022 3:52,37.0902,90.4148,342.5215,11857.161,0.6231785
5/17/2022 0:17,37.0942,90.4157,342.2359,11857.157,0.6231552
5/18/2022 10:20,37.1007,90.4173,341.7601,11857.153,0.6231155
5/18/2022 10:20,37.1007,90.4173,341.7601,11857.153,0.6231155
5/18/2022 23:57,37.1032,90.418,341.5698,11857.15,0.6230986
5/19/2022 13:33,37.1059,90.4186,341.3795,11857.148,0.6230827
5/20/2022 23:36,37.1124,90.4195,340.904,11857.147,0.6230419
5/20/2022 23:36,37.1124,90.4195,340.904,11857.147,0.6230419
5/21/2022 6:24,37.1138,90.4196,340.8088,11857.145,0.6230346
5/21/2022 20:01,37.1164,90.4203,340.6185,11857.145,0.6230189
5/22/2022 16:27,37.1202,90.4208,340.3331,11857.142,0.6229955
5/23/2022 6:03,37.1229,90.4211,340.1428,11857.145,0.6229819
5/23/2022 6:03,37.1229,90.4211,340.1428,11857.145,0.6229819
5/24/2022 9:17,37.1281,90.4221,339.7622,11857.145,0.6229532
5/24/2022 16:06,37.1293,90.4223,339.6671,11857.143,0.6229457
5/26/2022 2:08,37.1359,90.4236,339.1913,11857.142,0.6229123
5/26/2022 2:08,37.1359,90.4236,339.1913,11857.142,0.6229123
5/26/2022 22:33,37.1399,90.4252,338.906,11857.141,0.6228893
5/27/2022 12:10,37.1426,90.4252,338.7158,11857.14,0.6228776
5/28/2022 1:47,37.1452,90.4259,338.5256,11857.139,0.6228641
5/28/2022 22:13,37.1491,90.4265,338.2403,11857.137,0.6228425
5/28/2022 22:13,37.1491,90.4265,338.2403,11857.137,0.6228425
5/30/2022 21:52,37.1582,90.4282,337.5747,11857.135,0.6227951
6/1/2022 1:06,37.1635,90.4295,337.1944,11857.132,0.6227692
6/1/2022 14:43,37.1659,90.4296,337.0044,11857.132,0.6227534
6/3/2022 0:45,37.1723,90.4311,336.5291,11857.128,0.6227184
6/3/2022 21:10,37.1761,90.4318,336.244,11857.125,0.6226953
6/3/2022 21:10,37.1761,90.4318,336.244,11857.125,0.6226953
6/5/2022 0:24,37.181,90.433,335.8638,11857.119,0.6226633
6/6/2022 3:38,37.186,90.4344,335.4837,11857.112,0.6226302
6/6/2022 3:38,37.186,90.4344,335.4837,11857.112,0.6226302
6/7/2022 13:40,37.1922,90.436,335.0086,11857.099,0.6225857
6/8/2022 3:17,37.1946,90.4369,334.8185,11857.093,0.6225676
6/9/2022 13:20,37.2006,90.4384,334.3432,11857.075,0.6225233
6/9/2022 13:20,37.2006,90.4384,334.3432,11857.075,0.6225233
6/10/2022 9:45,37.2041,90.439,334.0582,11857.065,0.6224969
6/11/2022 6:10,37.2076,90.4399,333.7731,11857.054,0.6224701
6/12/2022 9:24,37.2123,90.4415,333.3931,11857.041,0.6224339
6/12/2022 9:24,37.2123,90.4415,333.3931,11857.041,0.6224339
6/13/2022 5:50,37.2156,90.4425,333.1082,11857.031,0.622406
6/14/2022 9:03,37.2202,90.4439,332.7283,11857.019,0.6223686
6/19/2022 4:47,37.2397,90.4491,331.1139,11857.002,0.6222078
6/20/2022 8:01,37.2444,90.4502,330.7338,11857.008,0.6221721
6/20/2022 21:38,37.2467,90.4507,330.5438,11857.011,0.6221546
6/21/2022 11:15,37.249,90.4513,330.3538,11857.014,0.6221384
6/21/2022 11:15,37.249,90.4513,330.3538,11857.014,0.6221384
6/22/2022 21:17,37.2549,90.4528,329.8789,11857.024,0.622096
6/24/2022 0:31,37.2597,90.4539,329.4991,11857.033,0.6220633
6/24/2022 0:31,37.2597,90.4539,329.4991,11857.033,0.6220633
6/24/2022 20:56,37.2632,90.4546,329.2142,11857.039,0.6220384
6/25/2022 3:45,37.2644,90.4548,329.1193,11857.041,0.6220308
6/26/2022 6:59,37.2691,90.4557,328.7395,11857.048,0.6219979
6/26/2022 20:36,37.2715,90.4562,328.5495,11857.052,0.6219808
6/27/2022 10:12,37.2739,90.4564,328.3597,11857.055,0.6219648
6/28/2022 13:26,37.2787,90.4575,327.9799,11857.062,0.6219312
6/30/2022 13:05,37.2869,90.4591,327.3153,11857.071,0.6218707
6/30/2022 19:54,37.2881,90.4594,327.2203,11857.072,0.6218617
7/1/2022 9:31,37.2904,90.4598,327.0305,11857.074,0.6218439
7/2/2022 12:45,37.2952,90.461,326.6506,11857.077,0.6218075
7/2/2022 19:33,37.2963,90.4612,326.5556,11857.077,0.6217983
7/3/2022 9:10,37.2985,90.4617,326.3658,11857.078,0.6217787
7/4/2022 12:24,37.3031,90.4627,325.9859,11857.078,0.6217398
7/6/2022 5:15,37.31,90.4644,325.4159,11857.074,0.6216813
7/6/2022 5:15,37.31,90.4644,325.4159,11857.074,0.6216813
7/8/2022 4:54,37.3177,90.4663,324.751,11857.062,0.6216127
7/10/2022 4:33,37.3252,90.4686,324.0863,11857.041,0.6215442
7/10/2022 4:33,37.3252,90.4686,324.0863,11857.041,0.6215442
7/10/2022 11:22,37.3262,90.469,323.9913,11857.038,0.6215345
7/12/2022 11:01,37.3338,90.4715,323.3266,11857.011,0.6214649
7/14/2022 10:40,37.3413,90.4737,322.6617,11856.986,0.6213925
7/15/2022 0:17,37.3433,90.4743,322.4717,11856.979,0.621371
7/15/2022 0:17,37.3433,90.4743,322.4717,11856.979,0.621371
7/15/2022 20:42,37.3466,90.4751,322.1866,11856.969,0.6213414
7/16/2022 10:19,37.3487,90.4756,321.9965,11856.964,0.621321
7/17/2022 20:21,37.3543,90.4769,321.5212,11856.954,0.6212731
7/17/2022 20:21,37.3543,90.4769,321.5212,11856.954,0.6212731
7/18/2022 3:10,37.3554,90.477,321.426,11856.952,0.6212633
7/19/2022 20:01,37.3622,90.4786,320.8556,11856.949,0.621208
7/20/2022 2:49,37.3632,90.4787,320.7604,11856.949,0.6211995
7/20/2022 2:49,37.3632,90.4787,320.7604,11856.949,0.6211995
7/21/2022 12:51,37.3692,90.4798,320.285,11856.954,0.6211523
7/23/2022 12:31,37.3774,90.4815,319.6194,11856.966,0.6210895
7/23/2022 12:31,37.3774,90.4815,319.6194,11856.966,0.6210895
7/23/2022 19:19,37.3786,90.4817,319.5244,11856.968,0.6210807
7/24/2022 2:07,37.3797,90.4818,319.4291,11856.97,0.6210726
7/25/2022 12:10,37.3857,90.4828,318.9537,11856.983,0.6210281
7/25/2022 18:58,37.3867,90.4831,318.8586,11856.986,0.6210201
7/25/2022 18:58,37.3867,90.4831,318.8586,11856.986,0.6210201
7/26/2022 1:47,37.3879,90.4832,318.7634,11856.988,0.6210111
7/27/2022 11:49,37.3939,90.4842,318.2879,11857.001,0.620967
7/27/2022 18:37,37.3952,90.4844,318.1928,11857.004,0.620958
7/28/2022 1:26,37.3964,90.4847,318.0977,11857.006,0.620949
7/28/2022 1:26,37.3964,90.4847,318.0977,11857.006,0.620949
7/29/2022 11:28,37.4024,90.4857,317.622,11857.019,0.620904
7/29/2022 18:17,37.4036,90.4859,317.5269,11857.021,0.620895
7/31/2022 17:56,37.412,90.4874,316.8608,11857.035,0.6208319
7/31/2022 17:56,37.412,90.4874,316.8608,11857.035,0.6208319
8/2/2022 10:47,37.4193,90.4886,316.2899,11857.045,0.6207778
8/4/2022 10:26,37.4275,90.4902,315.6236,11857.051,0.6207156
8/4/2022 10:26,37.4275,90.4902,315.6236,11857.051,0.6207156
8/6/2022 10:05,37.4356,90.4921,314.9579,11857.05,0.6206545
8/8/2022 9:44,37.444,90.4951,314.292,11857.038,0.6205907
8/8/2022 9:44,37.444,90.4951,314.292,11857.038,0.6205907
8/9/2022 12:58,37.4484,90.4953,313.9115,11857.027,0.6205539
8/10/2022 9:24,37.4517,90.4962,313.6262,11857.018,0.6205286
8/12/2022 9:03,37.4597,90.4981,312.9601,11856.991,0.6204675
8/12/2022 9:03,37.4597,90.4981,312.9601,11856.991,0.6204675
8/12/2022 15:51,37.4608,90.4984,312.8648,11856.987,0.6204584
8/14/2022 8:42,37.468,90.5,312.2939,11856.964,0.6204103
8/15/2022 11:56,37.4725,90.501,311.913,11856.95,0.6203795
8/15/2022 11:56,37.4725,90.501,311.913,11856.95,0.6203795
8/15/2022 18:44,37.4737,90.5013,311.8178,11856.947,0.6203716
8/16/2022 21:58,37.4785,90.5023,311.4366,11856.936,0.6203419
8/19/2022 18:03,37.4907,90.5048,310.4846,11856.919,0.6202686
8/19/2022 18:03,37.4907,90.5048,310.4846,11856.919,0.6202686
8/20/2022 0:51,37.4922,90.5048,310.3888,11856.918,0.6202624
8/21/2022 10:53,37.4984,90.5062,309.9127,11856.919,0.620226
8/21/2022 17:42,37.4997,90.5064,309.8174,11856.92,0.6202189
8/22/2022 0:30,37.501,90.5065,309.7219,11856.921,0.6202117
8/22/2022 0:30,37.501,90.5065,309.7219,11856.921,0.6202117
8/23/2022 10:33,37.5075,90.5075,309.2457,11856.928,0.6201758
8/23/2022 17:21,37.5089,90.5077,309.1503,11856.93,0.6201688
8/24/2022 13:46,37.513,90.508,308.8643,11856.936,0.6201483
8/24/2022 13:46,37.513,90.508,308.8643,11856.936,0.6201483
8/25/2022 10:12,37.5169,90.5086,308.5783,11856.943,0.6201281
8/25/2022 17:00,37.5182,90.5088,308.483,11856.946,0.6201214
8/27/2022 9:51,37.5262,90.5099,307.911,11856.961,0.6200825
8/27/2022 16:39,37.5275,90.51,307.8157,11856.964,0.6200762
8/29/2022 9:30,37.5355,90.5112,307.2438,11856.98,0.6200396
9/2/2022 8:49,37.5532,90.5146,305.9105,11857.011,0.6199576
9/2/2022 8:49,37.5532,90.5146,305.9105,11857.011,0.6199576
9/2/2022 15:37,37.5543,90.5148,305.8154,11857.013,0.6199509
9/4/2022 8:28,37.562,90.5165,305.2443,11857.019,0.6199161
9/4/2022 15:16,37.5632,90.5166,305.1491,11857.018,0.6199106
9/4/2022 15:16,37.5632,90.5166,305.1491,11857.018,0.6199106
9/5/2022 11:42,37.567,90.5172,304.8634,11857.018,0.6198945
9/6/2022 8:07,37.5709,90.5179,304.5779,11857.016,0.6198778
9/8/2022 7:46,37.5797,90.5198,303.9116,11857.005,0.6198409
9/8/2022 7:46,37.5797,90.5198,303.9116,11857.005,0.6198409
9/10/2022 7:26,37.5885,90.5216,303.2454,11856.986,0.6198062
9/12/2022 7:05,37.5972,90.5234,302.5792,11856.961,0.6197739
9/12/2022 7:05,37.5972,90.5234,302.5792,11856.961,0.6197739
9/15/2022 16:46,37.6127,90.5265,301.437,11856.914,0.6197234
9/15/2022 16:46,37.6127,90.5265,301.437,11856.914,0.6197234
9/17/2022 16:26,37.622,90.5283,300.7706,11856.893,0.6196939
9/17/2022 23:14,37.6234,90.5286,300.6753,11856.891,0.6196901
9/17/2022 23:14,37.6234,90.5286,300.6753,11856.891,0.6196901
9/19/2022 9:16,37.6302,90.5298,300.1994,11856.881,0.6196692
9/19/2022 16:05,37.6315,90.5301,300.1041,11856.88,0.6196654
9/21/2022 8:56,37.6397,90.5314,299.5325,11856.875,0.6196429
9/21/2022 15:44,37.641,90.5316,299.4373,11856.875,0.6196388
9/21/2022 22:33,37.6425,90.5318,299.3418,11856.876,0.6196362
9/25/2022 15:03,37.6602,90.5348,298.1039,11856.89,0.6195968
9/25/2022 15:03,37.6602,90.5348,298.1039,11856.89,0.6195968
9/29/2022 0:44,37.6762,90.5376,296.9619,11856.915,0.6195712
9/29/2022 14:21,37.6787,90.5381,296.7718,11856.919,0.6195643
10/1/2022 14:00,37.688,90.5397,296.1064,11856.932,0.6195478
10/3/2022 6:51,37.6958,90.5411,295.5362,11856.938,0.6195345
10/3/2022 13:40,37.697,90.5414,295.4412,11856.939,0.6195323
10/5/2022 13:19,37.7062,90.543,294.7761,11856.94,0.6195205
10/7/2022 6:10,37.7137,90.5444,294.2062,11856.933,0.6195104
10/8/2022 9:23,37.7191,90.5451,293.8262,11856.929,0.619506
10/8/2022 9:23,37.7191,90.5451,293.8262,11856.929,0.619506
10/10/2022 2:14,37.7267,90.5466,293.2567,11856.914,0.6194958
10/11/2022 12:17,37.7332,90.5478,292.7819,11856.898,0.6194879
10/13/2022 5:07,37.741,90.5492,292.2122,11856.877,0.6194778
10/13/2022 5:07,37.741,90.5492,292.2122,11856.877,0.6194778
10/14/2022 15:10,37.7476,90.5503,291.7372,11856.859,0.6194708
10/18/2022 7:40,37.7651,90.5529,290.502,11856.818,0.6194521
10/18/2022 7:40,37.7651,90.5529,290.502,11856.818,0.6194521
10/20/2022 7:19,37.7747,90.5542,289.8364,11856.8,0.6194517
10/21/2022 10:33,37.7801,90.555,289.4562,11856.794,0.6194527
10/21/2022 10:33,37.78,90.555,289.4562,11856.794,0.6194519
10/22/2022 6:58,37.7841,90.5556,289.1712,11856.792,0.6194482
10/24/2022 6:37,37.7934,90.5569,288.5061,11856.79,0.6194506
10/24/2022 6:37,37.7934,90.5569,288.5061,11856.79,0.6194506
10/26/2022 6:17,37.8023,90.5582,287.8412,11856.795,0.619454
10/29/2022 22:47,37.8188,90.5605,286.6071,11856.806,0.6194566
10/29/2022 22:47,37.8188,90.5605,286.6071,11856.806,0.6194566
11/1/2022 5:14,37.829,90.5618,285.8479,11856.812,0.6194575
11/1/2022 12:03,37.8302,90.562,285.753,11856.813,0.6194581
11/2/2022 1:40,37.8327,90.5623,285.5633,11856.814,0.6194575
11/2/2022 15:17,37.8352,90.5627,285.3735,11856.815,0.619458
11/3/2022 4:54,37.8377,90.563,285.1837,11856.815,0.6194588
11/3/2022 11:42,37.8391,90.5631,285.0889,11856.814,0.6194589
11/3/2022 18:31,37.8403,90.5633,284.994,11856.814,0.6194595
11/5/2022 4:33,37.8467,90.564,284.5197,11856.811,0.6194605
11/9/2022 3:51,37.8645,90.566,283.1916,11856.79,0.6194619
11/9/2022 3:51,37.8645,90.566,283.1916,11856.79,0.6194619
11/10/2022 0:17,37.8684,90.5663,282.9071,11856.783,0.6194622
11/10/2022 7:05,37.8697,90.5665,282.8121,11856.782,0.6194621
11/11/2022 3:31,37.8736,90.5668,282.5274,11856.775,0.619462
11/11/2022 10:19,37.8749,90.5669,282.4325,11856.773,0.6194622
11/11/2022 23:56,37.8775,90.5672,282.2426,11856.768,0.6194626
11/14/2022 6:24,37.8882,90.568,281.4829,11856.748,0.6194663
11/15/2022 2:49,37.8922,90.5683,281.1979,11856.741,0.6194689
11/16/2022 6:03,37.8976,90.5687,280.8179,11856.732,0.6194737
11/19/2022 8:56,37.9121,90.5698,279.7729,11856.711,0.6194932
11/20/2022 5:22,37.916,90.57,279.488,11856.708,0.6194988
11/21/2022 8:35,37.921,90.5704,279.1079,11856.703,0.619508
11/22/2022 5:01,37.9248,90.5707,278.8231,11856.701,0.6195139
11/22/2022 11:49,37.9262,90.5708,278.7281,11856.7,0.6195156
11/23/2022 8:15,37.9299,90.5711,278.4432,11856.698,0.6195215
11/23/2022 15:03,37.9311,90.5712,278.3482,11856.698,0.6195237
11/23/2022 15:03,37.9311,90.5712,278.3482,11856.698,0.6195237
11/24/2022 4:40,37.9336,90.5713,278.1583,11856.697,0.6195272
11/25/2022 7:54,37.9386,90.5716,277.7783,11856.695,0.6195346
11/26/2022 4:19,37.9424,90.5719,277.4933,11856.694,0.6195398
11/28/2022 3:59,37.9512,90.5724,276.8282,11856.695,0.619554
11/28/2022 3:59,37.9512,90.5724,276.8282,11856.695,0.619554
12/2/2022 3:17,37.969,90.5732,275.4983,11856.692,0.6195821
12/2/2022 10:06,37.9703,90.5732,275.4032,11856.691,0.6195836
12/2/2022 10:06,37.9703,90.5732,275.4032,11856.691,0.6195836
12/2/2022 23:43,37.9729,90.5733,275.2131,11856.691,0.6195877
12/4/2022 2:56,37.978,90.5735,274.8331,11856.69,0.6195961
12/4/2022 9:45,37.9793,90.5735,274.738,11856.69,0.6195966
12/6/2022 9:24,37.9885,90.5737,274.0726,11856.687,0.619609
12/10/2022 8:43,38.0073,90.5739,272.741,11856.682,0.6196363
12/10/2022 8:43,38.0073,90.5739,272.741,11856.682,0.6196363
12/12/2022 1:34,38.0154,90.574,272.1702,11856.678,0.6196516
12/12/2022 8:22,38.0168,90.574,272.0748,11856.677,0.6196536
12/13/2022 4:48,38.021,90.5741,271.7894,11856.675,0.6196639
12/14/2022 1:13,38.0252,90.5741,271.5041,11856.671,0.6196749
12/14/2022 14:50,38.028,90.5742,271.3138,11856.668,0.6196823
12/14/2022 14:50,38.028,90.5742,271.3136,11856.668,0.6196817
12/15/2022 4:27,38.0307,90.5742,271.1235,11856.666,0.6196897
12/15/2022 18:04,38.0334,90.5743,270.9331,11856.664,0.6196972
12/18/2022 7:20,38.0454,90.5744,270.0768,11856.655,0.6197339
12/21/2022 3:25,38.0583,90.5745,269.1256,11856.645,0.6197775
12/21/2022 3:25,38.0583,90.5745,269.1256,11856.645,0.6197775
12/22/2022 13:27,38.0648,90.5745,268.6497,11856.648,0.6197936
12/23/2022 3:04,38.0674,90.5746,268.4595,11856.646,0.6198028
12/23/2022 9:53,38.0688,90.5746,268.3642,11856.64,0.61981
12/23/2022 23:30,38.0714,90.5746,268.1737,11856.637,0.6198189
12/23/2022 23:30,38.0714,90.5746,268.1737,11856.637,0.6198189
12/25/2022 23:09,38.0803,90.5747,267.5072,11856.629,0.6198529
12/27/2022 9:11,38.0868,90.5747,267.0311,11856.621,0.6198774
12/27/2022 9:11,38.0868,90.5747,267.0311,11856.621,0.6198774
1/1/2023 4:55,38.1094,90.5747,265.4122,11856.595,0.6199601
1/1/2023 4:55,38.1094,90.5747,265.4122,11856.595,0.6199601
1/2/2023 8:09,38.1148,90.5747,265.0308,11856.591,0.619978
1/3/2023 4:35,38.119,90.5746,264.7451,11856.588,0.6199922
1/6/2023 7:28,38.1348,90.5745,263.6962,11856.58,0.620046
1/6/2023 7:28,38.1348,90.5745,263.6962,11856.58,0.620046
1/8/2023 7:07,38.1453,90.5747,263.0291,11856.569,0.6200862
1/9/2023 23:58,38.1538,90.5746,262.4576,11856.566,0.6201229
1/10/2023 6:47,38.1551,90.5745,262.3617,11856.571,0.6201274
1/11/2023 3:12,38.1591,90.5745,262.0763,11856.572,0.6201484
1/11/2023 23:38,38.1634,90.5745,261.7903,11856.573,0.6201676
1/13/2023 2:51,38.1691,90.5745,261.4091,11856.572,0.6201922
1/13/2023 2:51,38.1691,90.5745,261.4091,11856.572,0.6201922
1/14/2023 6:05,38.1747,90.5745,261.0283,11856.57,0.6202216
1/15/2023 2:31,38.1788,90.5744,260.7428,11856.568,0.6202432
1/16/2023 5:45,38.184,90.5743,260.3619,11856.562,0.620273
1/16/2023 5:45,38.184,90.5743,260.3619,11856.562,0.620273
1/18/2023 5:24,38.1935,90.5743,259.6954,11856.556,0.620324
1/24/2023 4:22,38.2219,90.5743,257.6959,11856.514,0.620494
1/25/2023 7:36,38.2273,90.5743,257.3152,11856.504,0.6205272
1/25/2023 14:25,38.2284,90.5742,257.2198,11856.501,0.6205356
1/27/2023 7:16,38.2365,90.5742,256.6486,11856.484,0.6205859
1/27/2023 7:16,38.2365,90.5742,256.6486,11856.484,0.6205859
1/29/2023 6:55,38.2463,90.5742,255.9817,11856.465,0.6206419
1/31/2023 6:35,38.2564,90.5742,255.3147,11856.446,0.620698
1/31/2023 6:35,38.2564,90.5742,255.3147,11856.446,0.620698
2/2/2023 6:14,38.2667,90.5743,254.6475,11856.431,0.6207558
2/3/2023 2:39,38.271,90.5742,254.3619,11856.428,0.620781
2/3/2023 9:28,38.2725,90.5742,254.2664,11856.426,0.6207896
2/4/2023 5:53,38.277,90.5742,253.9806,11856.422,0.6208156
2/6/2023 5:33,38.2873,90.5742,253.3139,11856.418,0.620877
2/6/2023 5:33,38.2873,90.5742,253.3139,11856.418,0.620877
2/9/2023 22:03,38.3063,90.5742,252.0768,11856.413,0.6209937
2/9/2023 22:03,38.3063,90.5742,252.0768,11856.413,0.6209937
2/12/2023 4:31,38.3174,90.5739,251.3162,11856.413,0.6210688
2/12/2023 4:31,38.3174,90.5739,251.3162,11856.413,0.6210688
2/16/2023 3:50,38.3367,90.5733,249.9855,11856.41,0.621203
2/16/2023 3:50,38.3367,90.5733,249.9855,11856.41,0.621203
2/20/2023 16:46,38.3593,90.573,248.4654,11856.403,0.6213738
2/20/2023 16:46,38.3593,90.573,248.4654,11856.403,0.6213738
2/22/2023 2:49,38.3662,90.5728,247.9903,11856.393,0.6214261
2/23/2023 6:03,38.3709,90.5725,247.6105,11856.385,0.6214634
2/23/2023 6:03,38.3709,90.5725,247.6105,11856.385,0.6214634
2/24/2023 2:28,38.3752,90.5724,247.3252,11856.377,0.6214929
2/24/2023 9:17,38.3766,90.5724,247.2302,11856.375,0.6215031
2/25/2023 12:31,38.3822,90.5722,246.85,11856.363,0.6215423
2/25/2023 12:31,38.3822,90.5722,246.85,11856.363,0.6215423
2/26/2023 15:45,38.388,90.5721,246.4698,11856.349,0.6215814
2/27/2023 5:22,38.391,90.5721,246.2795,11856.339,0.6216014
3/1/2023 5:01,38.4014,90.5719,245.6136,11856.313,0.6216705
3/1/2023 11:50,38.403,90.5719,245.5185,11856.31,0.6216811
3/2/2023 1:27,38.406,90.5718,245.3283,11856.303,0.6217007
3/3/2023 4:41,38.412,90.5718,244.9479,11856.287,0.6217405
3/5/2023 4:20,38.4225,90.5715,244.2824,11856.263,0.6218088
3/5/2023 4:20,38.4225,90.5715,244.2824,11856.263,0.6218088
3/5/2023 11:09,38.4239,90.5715,244.1873,11856.259,0.6218172
3/5/2023 17:57,38.4254,90.5714,244.0924,11856.255,0.621827
3/7/2023 10:48,38.4342,90.5711,243.522,11856.24,0.6218829
3/7/2023 10:48,38.4342,90.5711,243.522,11856.24,0.6218829
3/9/2023 10:28,38.4448,90.5707,242.857,11856.234,0.6219494
3/10/2023 6:53,38.4491,90.5704,242.5719,11856.233,0.6219746
3/10/2023 6:53,38.4491,90.5704,242.5719,11856.233,0.6219746
3/13/2023 2:58,38.4635,90.5693,241.6223,11856.238,0.622067
3/13/2023 2:58,38.4635,90.5693,241.6223,11856.238,0.622067
3/15/2023 2:38,38.4734,90.5684,240.9576,11856.245,0.622132
3/17/2023 2:18,38.4833,90.5676,240.2929,11856.256,0.6222003
3/17/2023 9:06,38.4847,90.5675,240.198,11856.257,0.62221
3/19/2023 8:46,38.4949,90.5667,239.5335,11856.262,0.6222821
3/19/2023 8:46,38.4949,90.5667,239.5335,11856.262,0.6222821
3/21/2023 1:37,38.5035,90.5662,238.9643,11856.264,0.6223436
3/25/2023 0:56,38.524,90.5633,237.6343,11856.239,0.6224802
3/25/2023 0:56,38.524,90.5633,237.6343,11856.239,0.6224802
3/27/2023 0:36,38.5346,90.5629,236.9689,11856.222,0.6225458
3/28/2023 3:50,38.5404,90.5631,236.5887,11856.21,0.6225803
3/28/2023 3:50,38.5404,90.5631,236.5887,11856.21,0.6225803
3/28/2023 17:27,38.5436,90.5624,236.3984,11856.202,0.6225987
3/30/2023 3:30,38.5514,90.5618,235.923,11856.18,0.6226448
4/1/2023 3:09,38.5624,90.561,235.2574,11856.152,0.6227069
4/1/2023 3:09,38.5624,90.561,235.2574,11856.152,0.6227069
4/5/2023 2:29,38.5844,90.559,233.9256,11856.109,0.6228203
4/5/2023 2:29,38.5844,90.559,233.9256,11856.109,0.6228203
4/9/2023 1:48,38.6062,90.5564,232.5933,11856.096,0.6229239
4/9/2023 1:48,38.6062,90.5564,232.5933,11856.096,0.6229239
4/13/2023 1:08,38.6279,90.5535,231.2609,11856.111,0.6230344
4/13/2023 7:56,38.6295,90.5534,231.166,11856.113,0.6230466
4/13/2023 7:56,38.6295,90.5534,231.166,11856.113,0.6230466
4/14/2023 11:11,38.6362,90.5526,230.7855,11856.118,0.6230816
4/17/2023 0:28,38.6497,90.5509,229.9292,11856.129,0.6231559
4/20/2023 23:47,38.6715,90.5477,228.596,11856.138,0.6232659
4/20/2023 23:47,38.6715,90.5477,228.596,11856.138,0.6232659
4/24/2023 2:41,38.6894,90.5455,227.5479,11856.109,0.6233545
4/26/2023 2:21,38.7011,90.5443,226.8803,11856.111,0.6234082
4/26/2023 9:10,38.7027,90.5441,226.7849,11856.109,0.6234158
4/30/2023 1:41,38.7243,90.5417,225.5447,11856.059,0.623506
4/30/2023 1:41,38.7243,90.5417,225.5447,11856.059,0.623506
5/1/2023 4:55,38.731,90.541,225.1629,11856.043,0.6235312
5/2/2023 8:10,38.7378,90.5402,224.7812,11856.027,0.623557
5/2/2023 8:10,38.7378,90.5402,224.7812,11856.027,0.623557
5/4/2023 1:01,38.748,90.539,224.2082,11856.007,0.6235938
5/8/2023 7:10,38.7732,90.5359,222.7754,11855.972,0.6236867
5/8/2023 7:10,38.7732,90.5359,222.7754,11855.972,0.6236867
5/8/2023 20:47,38.7766,90.5354,222.5843,11855.97,0.6236995
5/9/2023 3:35,38.7783,90.5352,222.4887,11855.969,0.6237057
5/12/2023 20:07,38.7998,90.5327,221.2473,11855.974,0.623796
5/12/2023 20:07,38.7998,90.5327,221.2473,11855.974,0.623796
5/15/2023 23:01,38.818,90.5304,220.1968,11855.988,0.6238712
5/15/2023 23:01,38.818,90.5304,220.1968,11855.988,0.6238712
5/17/2023 22:42,38.8297,90.5289,219.5284,11855.998,0.6239198
5/19/2023 22:22,38.8414,90.5276,218.8592,11856.006,0.6239664
5/19/2023 22:22,38.8414,90.5276,218.8592,11856.006,0.6239664
5/25/2023 21:22,38.8767,90.5246,216.8511,11855.992,0.6241031
5/25/2023 21:22,38.8767,90.5246,216.8511,11855.992,0.6241031
5/29/2023 0:17,38.8945,90.5322,215.8101,11855.958,0.6242028
5/29/2023 0:17,38.8945,90.5322,215.8101,11855.958,0.6242028
5/30/2023 23:57,38.9123,90.5054,215.1385,11855.931,0.6242328
6/1/2023 23:38,38.9189,90.5218,214.4582,11855.901,0.6242325
6/1/2023 23:38,38.9189,90.5218,214.4582,11855.901,0.6242325
6/5/2023 16:10,38.9405,90.5204,213.2144,11855.862,0.6243048
6/5/2023 16:10,38.9405,90.5204,213.2144,11855.862,0.6243048
6/5/2023 22:58,38.9421,90.5204,213.1188,11855.859,0.6243105
6/6/2023 5:47,38.9438,90.5202,213.0234,11855.858,0.6243179
6/9/2023 22:19,38.965,90.5196,211.7801,11855.843,0.6243933
6/10/2023 5:08,38.9668,90.5193,211.6843,11855.844,0.6243975
6/12/2023 4:48,38.9781,90.5188,211.0147,11855.842,0.6244358
6/12/2023 4:48,38.9781,90.5188,211.0147,11855.842,0.6244358
6/16/2023 4:09,39.0006,90.5177,209.6754,11855.841,0.6245115
6/16/2023 4:09,39.0006,90.5177,209.6754,11855.841,0.6245115
6/17/2023 0:35,39.0055,90.5177,209.3884,11855.841,0.624528
6/17/2023 14:13,39.0087,90.5176,209.1969,11855.842,0.6245386
6/18/2023 3:50,39.012,90.5178,209.0051,11855.842,0.6245491
6/18/2023 17:27,39.0152,90.5177,208.8138,11855.843,0.6245598
6/19/2023 0:16,39.0168,90.5178,208.7182,11855.843,0.6245653
6/19/2023 20:42,39.0215,90.5177,208.4312,11855.842,0.6245803
6/20/2023 23:56,39.028,90.5173,208.0485,11855.84,0.6246
6/20/2023 23:56,39.028,90.5173,208.0485,11855.84,0.6246
6/23/2023 13:14,39.0421,90.5173,207.1875,11855.829,0.6246378
6/25/2023 19:44,39.0546,90.5176,206.4221,11855.811,0.6246678
6/28/2023 22:39,39.072,90.5175,205.3706,11855.768,0.6247068
7/1/2023 18:46,39.0874,90.5174,204.4148,11855.726,0.6247415
7/4/2023 14:52,39.1029,90.5177,203.4594,11855.686,0.6247778
7/8/2023 14:14,39.124,90.5184,202.1226,11855.651,0.6248205
7/10/2023 20:43,39.1358,90.519,201.3584,11855.64,0.6248427
7/13/2023 3:13,39.1475,90.5194,200.5941,11855.624,0.6248642
7/16/2023 19:46,39.1667,90.5208,199.352,11855.602,0.624896
7/19/2023 22:41,39.1825,90.5214,198.3009,11855.581,0.6249118
7/23/2023 22:03,39.2028,90.5232,196.9632,11855.558,0.6249208
7/24/2023 18:29,39.2072,90.5234,196.6767,11855.549,0.6249218
7/25/2023 14:56,39.2115,90.5236,196.3902,11855.538,0.6249215
7/26/2023 18:10,39.2172,90.5237,196.008,11855.52,0.6249208
7/27/2023 14:36,39.2217,90.5241,195.7221,11855.508,0.6249213
7/27/2023 14:36,39.2215,90.5241,195.7221,11855.507,0.624921
7/29/2023 14:17,39.2317,90.5248,195.054,11855.468,0.6249195
7/31/2023 20:47,39.2433,90.5262,194.291,11855.416,0.6249155
8/4/2023 20:09,39.2634,90.5281,192.9566,11855.326,0.6248969
8/7/2023 2:39,39.2748,90.529,192.1936,11855.279,0.6248808
8/10/2023 12:24,39.2923,90.5308,191.0485,11855.222,0.6248593
8/12/2023 18:53,39.3036,90.5318,190.285,11855.179,0.6248426
8/15/2023 1:23,39.3152,90.5325,189.521,11855.135,0.6248212
8/17/2023 14:42,39.3282,90.5339,188.6612,11855.089,0.6247932
8/19/2023 21:12,39.3403,90.535,187.8967,11855.049,0.6247652
8/22/2023 3:41,39.3523,90.536,187.1325,11855.012,0.6247335
8/24/2023 10:11,39.3644,90.537,186.3684,11854.97,0.624698
8/24/2023 17:00,39.3658,90.537,186.2729,11854.965,0.6246933
8/25/2023 13:26,39.3703,90.5374,185.9865,11854.95,0.6246787
8/26/2023 16:41,39.3763,90.538,185.6048,11854.924,0.6246588
8/26/2023 16:41,39.3763,90.538,185.6048,11854.924,0.6246588
8/27/2023 13:07,39.3809,90.5384,185.3186,11854.903,0.6246445
8/28/2023 16:22,39.3871,90.5391,184.9372,11854.875,0.6246231
8/29/2023 12:48,39.3917,90.5396,184.6511,11854.853,0.6246062
8/29/2023 12:48,39.3917,90.5396,184.6511,11854.853,0.6246062
8/30/2023 16:03,39.3979,90.5401,184.2697,11854.818,0.6245816
8/31/2023 19:18,39.4042,90.5408,183.8883,11854.785,0.6245571
8/31/2023 19:18,39.4042,90.5408,183.8883,11854.785,0.6245571
9/1/2023 2:07,39.4057,90.5409,183.793,11854.775,0.6245483
9/1/2023 15:44,39.4089,90.5411,183.6022,11854.756,0.6245364
9/2/2023 12:10,39.4135,90.5415,183.3161,11854.736,0.6245159
9/2/2023 12:10,39.4136,90.5415,183.316,11854.734,0.6245179
9/3/2023 8:37,39.4183,90.542,183.0296,11854.707,0.6244984
9/3/2023 8:37,39.4183,90.542,183.0296,11854.707,0.6244984
9/4/2023 11:51,39.4247,90.5427,182.6478,11854.688,0.6244726
9/5/2023 1:29,39.4278,90.5431,182.4568,11854.675,0.6244593
9/5/2023 15:06,39.4311,90.5434,182.2658,11854.661,0.6244468
9/6/2023 11:33,39.4358,90.5441,181.9793,11854.639,0.624428
9/6/2023 11:33,39.4359,90.544,181.9794,11854.641,0.6244294
9/7/2023 7:59,39.4408,90.5446,181.6928,11854.621,0.6244112
9/7/2023 14:47,39.4424,90.5448,181.5974,11854.617,0.6244052
9/8/2023 4:25,39.4456,90.5452,181.4064,11854.604,0.6243913
9/8/2023 4:25,39.4456,90.5452,181.4064,11854.604,0.6243913
9/8/2023 18:02,39.4489,90.5455,181.2154,11854.591,0.6243793
9/9/2023 7:40,39.4522,90.5458,181.0243,11854.577,0.6243658
9/10/2023 4:06,39.457,90.5462,180.7376,11854.558,0.6243461
9/10/2023 17:43,39.4603,90.5464,180.5465,11854.542,0.6243329
9/11/2023 0:32,39.462,90.5466,180.4509,11854.535,0.6243272
9/12/2023 3:47,39.4685,90.547,180.0684,11854.504,0.6242998
9/13/2023 0:13,39.4735,90.5473,179.7816,11854.474,0.6242806
9/13/2023 7:02,39.4752,90.5474,179.6859,11854.47,0.6242733
9/14/2023 3:28,39.4802,90.5478,179.3989,11854.446,0.6242531
9/14/2023 17:05,39.4836,90.5481,179.2077,11854.437,0.6242402
9/15/2023 6:43,39.4869,90.5484,179.0162,11854.421,0.6242263
9/15/2023 6:43,39.4869,90.5484,179.0162,11854.421,0.6242263
9/16/2023 9:58,39.4937,90.5489,178.6337,11854.385,0.6241996
9/16/2023 16:46,39.4955,90.5491,178.538,11854.378,0.624192
9/17/2023 20:01,39.5023,90.5496,178.1555,11854.34,0.6241646
9/18/2023 9:39,39.5058,90.5498,177.9641,11854.333,0.62415
9/18/2023 16:27,39.5075,90.55,177.8685,11854.331,0.6241421
9/20/2023 9:20,39.5179,90.5508,177.2947,11854.279,0.6240982
9/20/2023 9:20,39.5179,90.5508,177.2947,11854.279,0.6240982
9/20/2023 16:08,39.5196,90.551,177.1991,11854.276,0.62409
9/21/2023 5:46,39.5231,90.5513,177.0077,11854.262,0.6240742
9/21/2023 19:23,39.5266,90.5516,176.8166,11854.248,0.6240596
9/22/2023 9:01,39.5301,90.5519,176.6255,11854.231,0.6240447
9/23/2023 12:15,39.537,90.5527,176.2432,11854.201,0.6240117
9/23/2023 19:04,39.5388,90.553,176.1477,11854.195,0.6240046
9/24/2023 15:30,39.544,90.5537,175.8612,11854.167,0.6239803
9/25/2023 11:56,39.5493,90.5543,175.5748,11854.135,0.6239545
9/25/2023 18:45,39.5511,90.5546,175.4793,11854.124,0.6239447
9/25/2023 18:45,39.5511,90.5546,175.4793,11854.124,0.6239447
9/26/2023 8:22,39.5547,90.555,175.2883,11854.106,0.6239275
9/26/2023 15:11,39.5564,90.5552,175.1929,11854.094,0.6239184
9/27/2023 11:37,39.5618,90.5558,174.9065,11854.063,0.6238911
9/28/2023 8:03,39.5672,90.5564,174.6201,11854.036,0.6238627
9/28/2023 8:03,39.5672,90.5564,174.6201,11854.036,0.6238627
9/29/2023 4:29,39.5726,90.557,174.3336,11853.998,0.6238319
9/29/2023 18:07,39.5762,90.5574,174.1427,11853.979,0.6238141
9/30/2023 14:33,39.5816,90.5581,173.8562,11853.947,0.6237876
9/30/2023 14:33,39.5816,90.5581,173.8562,11853.947,0.6237876
10/1/2023 17:48,39.5889,90.559,173.4739,11853.898,0.623749
10/2/2023 7:25,39.5925,90.5594,173.2828,11853.877,0.6237324
10/3/2023 3:51,39.5981,90.5602,172.996,11853.849,0.6237046
10/3/2023 3:51,39.5981,90.5602,172.996,11853.849,0.6237046
10/3/2023 17:28,39.6018,90.5608,172.805,11853.83,0.6236884
10/4/2023 13:55,39.6073,90.5618,172.5184,11853.796,0.6236647
10/5/2023 10:21,39.6129,90.5625,172.2317,11853.764,0.6236389
10/5/2023 10:21,39.6129,90.5625,172.2317,11853.764,0.6236389
10/5/2023 17:09,39.6148,90.5624,172.136,11853.747,0.6236209
10/6/2023 13:35,39.6203,90.563,171.8493,11853.721,0.6235954
10/7/2023 3:13,39.6242,90.5633,171.6576,11853.707,0.6235781
10/7/2023 23:39,39.6296,90.564,171.3709,11853.679,0.6235558
10/8/2023 6:27,39.6316,90.5643,171.2752,11853.671,0.6235469
10/9/2023 2:53,39.6372,90.5648,170.9882,11853.644,0.6235231
10/9/2023 16:31,39.6408,90.5653,170.7971,11853.628,0.6235077
10/10/2023 12:57,39.6466,90.5659,170.5101,11853.597,0.6234829
10/10/2023 12:57,39.6466,90.5659,170.5101,11853.597,0.6234829
10/12/2023 12:37,39.6598,90.567,169.8411,11853.517,0.6234261
10/12/2023 12:37,39.6599,90.5671,169.8407,11853.517,0.6234261
10/13/2023 2:15,39.6638,90.5674,169.6493,11853.493,0.6234098
10/13/2023 2:15,39.6638,90.5674,169.6493,11853.493,0.6234098
10/13/2023 15:52,39.6676,90.5677,169.4582,11853.468,0.6233938
10/14/2023 5:29,39.6716,90.568,169.2667,11853.45,0.623377
10/14/2023 19:07,39.6754,90.5681,169.0756,11853.427,0.6233613
10/15/2023 15:33,39.6812,90.5685,168.7886,11853.397,0.6233372
10/15/2023 15:33,39.6812,90.5685,168.7886,11853.397,0.6233372
10/16/2023 11:59,39.687,90.5692,168.5018,11853.37,0.6233123
10/16/2023 11:59,39.6872,90.5691,168.5014,11853.371,0.6233125
10/18/2023 11:39,39.7007,90.5706,167.8327,11853.328,0.6232543
10/19/2023 1:16,39.7045,90.5713,167.6421,11853.317,0.6232337
10/20/2023 4:31,39.7122,90.5722,167.2601,11853.296,0.6231987
10/20/2023 18:08,39.7161,90.5722,167.0687,11853.286,0.6231829
10/20/2023 18:08,39.7161,90.5722,167.0687,11853.286,0.6231829
10/21/2023 7:46,39.72,90.5732,166.8781,11853.278,0.6231621
10/22/2023 11:00,39.7275,90.5743,166.4965,11853.26,0.6231255
10/22/2023 17:49,39.7295,90.5747,166.4011,11853.249,0.6231154
10/23/2023 14:15,39.7352,90.5755,166.1148,11853.236,0.6230865
10/23/2023 14:15,39.7352,90.5755,166.1148,11853.236,0.6230865
10/25/2023 7:07,39.747,90.5773,165.5423,11853.203,0.6230246
10/26/2023 3:33,39.7528,90.5781,165.2562,11853.181,0.6229939
10/26/2023 3:33,39.7528,90.5781,165.2562,11853.181,0.6229939
10/26/2023 17:10,39.7566,90.5788,165.0655,11853.17,0.6229744
10/28/2023 10:02,39.7682,90.5805,164.4931,11853.125,0.6229154
10/28/2023 10:02,39.7682,90.5805,164.4931,11853.125,0.6229154
10/28/2023 16:50,39.7701,90.5808,164.3976,11853.117,0.6229052
10/28/2023 23:39,39.7722,90.5811,164.302,11853.106,0.6228955
10/30/2023 9:42,39.7819,90.5828,163.825,11853.077,0.6228488
10/31/2023 12:56,39.7897,90.5841,163.4434,11853.054,0.6228116
10/31/2023 12:56,39.7895,90.5841,163.4436,11853.052,0.6228127
10/31/2023 12:56,39.7895,90.5841,163.4436,11853.052,0.6228127
11/1/2023 16:11,39.7974,90.5854,163.062,11853.035,0.6227747
11/2/2023 12:37,39.8032,90.5867,162.776,11853.018,0.6227505
11/2/2023 19:25,39.8054,90.5872,162.6804,11853.014,0.6227398
11/3/2023 9:03,39.8091,90.5877,162.4898,11853.003,0.6227216
11/3/2023 15:51,39.8112,90.5879,162.3944,11852.996,0.6227125
11/4/2023 5:28,39.8152,90.588,162.2035,11852.985,0.622694
11/5/2023 15:31,39.8248,90.5893,161.7267,11852.961,0.6226486
11/5/2023 15:31,39.8248,90.5893,161.7267,11852.961,0.6226486
11/5/2023 22:20,39.8269,90.5891,161.6311,11852.945,0.6226409
11/7/2023 1:35,39.8348,90.59,161.2495,11852.926,0.6226059
11/7/2023 22:00,39.8406,90.5912,160.9634,11852.915,0.62258
11/7/2023 22:00,39.8406,90.5912,160.9634,11852.915,0.62258
11/8/2023 18:26,39.8464,90.5919,160.6772,11852.9,0.6225544
11/9/2023 21:41,39.8543,90.5929,160.2957,11852.882,0.6225207
11/10/2023 4:29,39.8565,90.5931,160.2003,11852.875,0.6225131
11/10/2023 4:29,39.8565,90.5931,160.2003,11852.875,0.6225131
11/10/2023 18:06,39.8602,90.5937,160.0097,11852.866,0.6224955
11/11/2023 14:32,39.8662,90.5945,159.7238,11852.856,0.6224703
11/11/2023 21:21,39.8681,90.5948,159.6284,11852.855,0.6224615
11/12/2023 17:46,39.874,90.5956,159.3425,11852.839,0.6224356
11/12/2023 17:46,39.874,90.5956,159.3425,11852.839,0.6224356
11/13/2023 7:24,39.8779,90.5961,159.152,11852.833,0.6224177
11/13/2023 7:24,39.8781,90.5961,159.1519,11852.836,0.6224186
11/14/2023 3:49,39.8837,90.5969,158.8662,11852.825,0.6223917
11/14/2023 10:38,39.8858,90.5972,158.771,11852.823,0.6223832
11/15/2023 13:52,39.8936,90.5983,158.3902,11852.813,0.6223466
11/15/2023 13:52,39.8936,90.5983,158.3902,11852.813,0.6223466
11/16/2023 17:07,39.9013,90.5995,158.0095,11852.807,0.6223094
11/17/2023 20:21,39.9089,90.6008,157.6289,11852.802,0.6222715
11/17/2023 20:21,39.9089,90.6008,157.6289,11852.802,0.6222715
11/19/2023 13:12,39.9202,90.6024,157.058,11852.794,0.622213
11/20/2023 16:27,39.9278,90.6038,156.6775,11852.787,0.6221726
11/20/2023 16:27,39.9278,90.6038,156.6775,11852.787,0.6221726
11/21/2023 12:52,39.9334,90.6048,156.392,11852.778,0.6221416
11/22/2023 16:07,39.941,90.6062,156.0116,11852.763,0.6221005
11/23/2023 5:44,39.9448,90.6068,155.8213,11852.754,0.6220796
11/23/2023 5:44,39.9448,90.6068,155.8213,11852.754,0.6220796
11/23/2023 19:21,39.9485,90.6075,155.6311,11852.748,0.6220594
11/24/2023 15:47,39.9542,90.6086,155.3459,11852.737,0.6220301
11/26/2023 15:27,39.9672,90.6111,154.6802,11852.703,0.6219624
11/26/2023 15:27,39.9672,90.6111,154.6802,11852.703,0.6219624
11/28/2023 15:07,39.9803,90.6137,154.0147,11852.669,0.6218941
11/28/2023 15:07,39.9803,90.6137,154.0147,11852.67,0.6218937
11/29/2023 11:32,39.9859,90.6145,153.7296,11852.654,0.6218646
12/1/2023 4:23,39.997,90.6163,153.1592,11852.631,0.6218061
12/1/2023 18:01,40.0008,90.6168,152.9692,11852.616,0.621787
12/1/2023 18:01,40.0008,90.6168,152.9692,11852.616,0.621787
12/2/2023 14:26,40.0064,90.6176,152.684,11852.619,0.6217585
12/4/2023 0:29,40.0158,90.6189,152.2086,11852.61,0.6217128
12/4/2023 0:29,40.0158,90.6189,152.2086,11852.61,0.6217128
12/4/2023 14:06,40.0194,90.6195,152.0184,11852.607,0.6216946
12/5/2023 10:32,40.025,90.6202,151.7332,11852.604,0.6216675
12/7/2023 10:11,40.038,90.6222,151.0679,11852.599,0.6216054
12/7/2023 10:11,40.038,90.6222,151.0679,11852.599,0.6216054
12/8/2023 13:26,40.0455,90.6237,150.6878,11852.595,0.6215705
12/9/2023 9:51,40.051,90.6245,150.4026,11852.591,0.621543
12/10/2023 6:17,40.0566,90.6254,150.1178,11852.588,0.6215159
12/10/2023 13:05,40.0584,90.6257,150.0229,11852.586,0.6215074
12/11/2023 16:19,40.0656,90.6267,149.6431,11852.581,0.6214702
12/12/2023 12:45,40.0711,90.6275,149.3583,11852.577,0.6214415
12/12/2023 12:45,40.0711,90.6275,149.3583,11852.577,0.6214415
12/13/2023 15:59,40.0783,90.6287,148.9787,11852.572,0.6214034
12/14/2023 12:25,40.0836,90.6297,148.6941,11852.569,0.6213726
12/14/2023 12:25,40.0836,90.6296,148.6939,11852.568,0.6213733
12/15/2023 2:02,40.0872,90.6302,148.5041,11852.567,0.6213526
12/15/2023 2:02,40.0872,90.6302,148.5041,11852.567,0.6213526
12/15/2023 15:39,40.0907,90.6309,148.3144,11852.565,0.6213314
12/16/2023 12:04,40.0961,90.6319,148.0297,11852.561,0.6213003
12/17/2023 8:30,40.1014,90.6328,147.745,11852.558,0.6212689
12/17/2023 8:30,40.1014,90.6328,147.745,11852.558,0.6212689
12/17/2023 15:18,40.1031,90.6332,147.6502,11852.557,0.621257
12/18/2023 11:44,40.1085,90.6342,147.3655,11852.553,0.6212247
12/19/2023 8:09,40.1137,90.6352,147.0807,11852.55,0.6211924
12/19/2023 14:58,40.1155,90.6355,146.9859,11852.55,0.621182
12/20/2023 11:23,40.1208,90.6365,146.7011,11852.545,0.6211497
12/21/2023 14:37,40.1277,90.6379,146.3215,11852.539,0.6211077
12/22/2023 4:14,40.1312,90.6386,146.1315,11852.535,0.6210868
12/22/2023 4:14,40.1312,90.6386,146.1315,11852.535,0.6210868
12/24/2023 3:54,40.1434,90.6409,145.4673,11852.518,0.6210154
12/25/2023 0:19,40.1486,90.6419,145.1827,11852.512,0.6209844
12/25/2023 0:19,40.1486,90.6419,145.1827,11852.512,0.6209844
12/25/2023 13:56,40.1521,90.6425,144.9929,11852.508,0.6209642
12/27/2023 13:36,40.1643,90.6446,144.3286,11852.492,0.6208947
12/27/2023 13:36,40.1643,90.6446,144.3286,11852.492,0.6208947
12/28/2023 3:13,40.1678,90.6451,144.1388,11852.489,0.6208745
12/28/2023 10:01,40.1695,90.6454,144.0439,11852.487,0.6208646
12/29/2023 13:15,40.1766,90.6465,143.6642,11852.483,0.6208262
12/29/2023 13:15,40.1766,90.6464,143.6641,11852.483,0.6208264
12/30/2023 2:52,40.1801,90.647,143.4742,11852.481,0.620808
12/30/2023 2:52,40.1801,90.647,143.4742,11852.481,0.620808
12/31/2023 12:55,40.1889,90.6482,142.9996,11852.479,0.6207612
1/2/2024 5:46,40.1995,90.6496,142.4299,11852.478,0.6207059
1/2/2024 12:34,40.2013,90.6499,142.335,11852.479,0.6206972
1/3/2024 9:00,40.2066,90.6506,142.0501,11852.479,0.620669
1/4/2024 12:13,40.2136,90.6515,141.6703,11852.481,0.6206319
1/4/2024 12:13,40.2136,90.6515,141.6703,11852.481,0.6206319
1/5/2024 15:27,40.2206,90.6524,141.2906,11852.48,0.6205938
1/6/2024 11:53,40.2259,90.6531,141.0058,11852.48,0.6205652
1/7/2024 15:07,40.2328,90.6541,140.6261,11852.477,0.6205269
1/7/2024 15:07,40.2328,90.6541,140.6261,11852.477,0.6205269
1/8/2024 11:32,40.238,90.6548,140.3414,11852.476,0.6204976
1/10/2024 11:11,40.2501,90.6567,139.677,11852.47,0.6204266
1/10/2024 11:11,40.2501,90.6567,139.677,11852.47,0.6204266
1/11/2024 14:25,40.257,90.6578,139.2973,11852.466,0.6203845
1/12/2024 10:51,40.2621,90.6586,139.0124,11852.463,0.6203513
1/12/2024 10:51,40.2622,90.6586,139.0125,11852.463,0.6203532
1/13/2024 14:04,40.269,90.6597,138.6326,11852.46,0.6203104
1/13/2024 14:04,40.269,90.6597,138.6326,11852.46,0.6203104
1/14/2024 10:30,40.2742,90.6606,138.3477,11852.458,0.6202786
1/15/2024 13:44,40.281,90.6617,137.9678,11852.455,0.6202378
1/16/2024 3:21,40.2844,90.6623,137.7777,11852.455,0.6202177
1/16/2024 10:09,40.2862,90.6626,137.6828,11852.454,0.6202071
1/17/2024 13:23,40.2929,90.6638,137.3028,11852.452,0.6201682
1/19/2024 13:02,40.3049,90.6659,136.6379,11852.447,0.6201007
1/19/2024 13:02,40.3049,90.6659,136.6379,11852.447,0.6201007
1/20/2024 2:39,40.3084,90.6664,136.4479,11852.445,0.6200826
1/21/2024 12:41,40.3169,90.6679,135.9732,11852.439,0.6200369
1/23/2024 12:20,40.3291,90.6698,135.3083,11852.428,0.6199738
1/23/2024 12:20,40.3291,90.6698,135.3083,11852.428,0.6199738
1/25/2024 11:59,40.3416,90.6712,134.6433,11852.418,0.6199116
1/26/2024 8:25,40.3469,90.6718,134.3581,11852.414,0.6198861
1/27/2024 11:39,40.354,90.6727,133.978,11852.411,0.6198538
1/27/2024 11:39,40.354,90.6727,133.9779,11852.411,0.6198535
1/28/2024 14:52,40.3611,90.6735,133.5977,11852.409,0.6198212
1/28/2024 14:52,40.3611,90.6735,133.5977,11852.409,0.6198212
1/29/2024 11:18,40.3666,90.6742,133.3126,11852.408,0.619798
1/30/2024 0:54,40.3702,90.6747,133.1224,11852.408,0.6197819
1/31/2024 10:57,40.3792,90.6757,132.6471,11852.409,0.6197421
1/31/2024 10:57,40.3792,90.6757,132.6471,11852.409,0.6197421
2/2/2024 10:36,40.3918,90.6773,131.9819,11852.41,0.6196892
2/4/2024 10:15,40.4043,90.6783,131.316,11852.409,0.61963
2/4/2024 10:15,40.4043,90.6783,131.316,11852.409,0.61963
2/6/2024 9:54,40.4168,90.6803,130.6503,11852.405,0.6195715
2/7/2024 13:07,40.4239,90.6814,130.2698,11852.402,0.6195368
2/7/2024 13:07,40.4239,90.6814,130.2698,11852.402,0.6195368
2/8/2024 9:33,40.4293,90.6821,129.9844,11852.4,0.6195117
2/9/2024 12:46,40.4364,90.6831,129.6038,11852.397,0.6194781
2/10/2024 9:12,40.4417,90.6839,129.3184,11852.395,0.6194539
2/10/2024 9:12,40.4417,90.6839,129.3184,11852.395,0.6194539
2/11/2024 12:25,40.4491,90.6847,128.9376,11852.393,0.6194225
2/12/2024 8:50,40.4546,90.6854,128.6521,11852.392,0.6194003
2/13/2024 12:04,40.4617,90.6865,128.2713,11852.39,0.6193709
2/13/2024 12:04,40.4617,90.6865,128.2713,11852.39,0.6193709
2/15/2024 11:43,40.4741,90.6885,127.6053,11852.388,0.6193233
2/17/2024 11:22,40.4866,90.6904,126.9389,11852.384,0.6192772
2/17/2024 11:22,40.4866,90.6904,126.9389,11852.384,0.6192772
2/19/2024 11:01,40.4995,90.6921,126.2731,11852.377,0.6192331
2/21/2024 10:40,40.5124,90.6938,125.6074,11852.368,0.6191925
2/23/2024 10:18,40.5258,90.695,124.9417,11852.36,0.6191579
2/23/2024 10:18,40.5258,90.695,124.9417,11852.36,0.6191579
2/23/2024 17:07,40.5273,90.6956,124.8469,11852.358,0.6191512
2/24/2024 13:32,40.533,90.696,124.5614,11852.354,0.619138
2/25/2024 9:57,40.5388,90.6966,124.2758,11852.351,0.6191243
2/25/2024 16:46,40.5407,90.6969,124.1806,11852.35,0.619119
2/26/2024 19:59,40.5482,90.6978,123.8005,11852.347,0.6190994
2/27/2024 9:36,40.5521,90.6982,123.6102,11852.346,0.6190907
2/27/2024 16:24,40.554,90.6984,123.5151,11852.346,0.6190862
2/27/2024 16:24,40.554,90.6984,123.5151,11852.346,0.6190862
2/29/2024 9:15,40.5654,90.6997,122.9444,11852.344,0.6190594
2/29/2024 16:03,40.5673,90.6999,122.8492,11852.343,0.6190549
2/29/2024 22:52,40.5692,90.7002,122.7543,11852.343,0.61905
3/2/2024 8:53,40.5787,90.7016,122.2787,11852.341,0.6190282
3/2/2024 22:30,40.5825,90.7018,122.0884,11852.34,0.619019
3/2/2024 22:30,40.5825,90.7018,122.0884,11852.34,0.619019
3/4/2024 8:32,40.5919,90.703,121.6128,11852.337,0.6189966
3/4/2024 22:09,40.5957,90.7036,121.4225,11852.336,0.6189875
3/6/2024 8:11,40.6052,90.7046,120.9467,11852.332,0.6189651
3/6/2024 21:48,40.6089,90.7051,120.7564,11852.33,0.618956
3/8/2024 7:50,40.6184,90.7063,120.2805,11852.326,0.6189355
3/8/2024 7:50,40.6184,90.7063,120.2805,11852.326,0.6189355
3/8/2024 14:38,40.6202,90.7067,120.1852,11852.326,0.6189312
3/9/2024 11:03,40.6258,90.7072,119.8997,11852.323,0.6189194
3/10/2024 14:17,40.6334,90.7081,119.5189,11852.322,0.6189056
3/11/2024 10:42,40.6391,90.7088,119.2334,11852.321,0.6188963
3/12/2024 7:07,40.6447,90.7095,118.948,11852.321,0.618888
3/13/2024 10:21,40.652,90.7106,118.5676,11852.32,0.6188752
3/13/2024 10:21,40.652,90.7106,118.5676,11852.32,0.6188752
3/14/2024 20:22,40.6616,90.7118,118.0921,11852.318,0.6188634
3/15/2024 9:59,40.6653,90.7124,117.902,11852.317,0.6188579
3/16/2024 20:01,40.675,90.7135,117.4267,11852.313,0.6188472
3/17/2024 9:38,40.6788,90.714,117.2366,11852.312,0.6188425
3/18/2024 19:40,40.689,90.7148,116.762,11852.307,0.6188344
3/18/2024 19:40,40.689,90.7148,116.762,11852.307,0.6188344
3/19/2024 9:16,40.6929,90.7152,116.5719,11852.304,0.6188307
3/20/2024 19:18,40.7026,90.7162,116.0968,11852.295,0.6188223
3/21/2024 8:55,40.7065,90.7166,115.9068,11852.293,0.61882
3/22/2024 18:57,40.716,90.7177,115.4317,11852.283,0.6188128
3/23/2024 8:34,40.7199,90.7181,115.2417,11852.279,0.6188109
3/23/2024 22:10,40.7238,90.7186,115.0517,11852.275,0.6188084
3/24/2024 18:36,40.7297,90.7191,114.767,11852.265,0.618805
